time,avg_rss12,var_rss12,avg_rss13,var_rss13,avg_rss23,var_rss23,label
0,32.5,0.5,0.0,0.0,19.0,1.0,bending2
250,32.5,0.5,0.0,0.0,18.5,0.5,bending2
500,32.75,0.43,1.0,0.0,18.0,0.0,bending2
750,32.5,0.5,0.0,0.0,17.5,0.5,bending2
1000,32.5,0.5,7.5,0.5,17.5,0.87,bending2
1250,32.67,0.47,11.0,1.0,16.75,0.83,bending2
1500,32.5,0.5,6.25,0.83,18.0,0.0,bending2
1750,32.5,0.5,3.5,0.87,18.0,0.0,bending2
2000,32.33,0.47,6.0,0.0,18.33,0.47,bending2
2250,32.67,0.47,8.0,0.82,18.0,0.0,bending2
2500,32.5,0.5,8.33,3.3,16.67,0.47,bending2
2750,32.5,0.5,10.33,1.25,16.0,1.22,bending2
3000,32.25,0.83,9.0,3.08,16.0,0.71,bending2
3250,32.0,0.0,2.67,0.47,15.75,0.83,bending2
3500,31.75,0.43,2.75,1.09,16.5,1.12,bending2
3750,32.0,0.0,1.0,0.0,17.5,0.87,bending2
4000,32.25,0.83,0.0,0.0,17.5,0.5,bending2
4250,32.25,0.43,0.0,0.0,17.0,1.0,bending2
4500,31.75,0.43,5.33,3.3,17.75,0.43,bending2
4750,31.5,0.5,9.5,0.5,17.75,0.43,bending2
5000,31.5,0.5,5.0,2.16,17.33,0.47,bending2
5250,31.5,0.5,4.5,0.5,17.5,0.5,bending2
5500,31.67,0.47,4.5,1.12,18.0,0.0,bending2
5750,31.5,0.5,1.67,0.47,18.0,0.0,bending2
6000,31.67,0.47,1.0,0.0,18.33,0.47,bending2
6250,31.33,0.47,2.5,0.5,18.0,0.0,bending2
6500,31.5,0.5,2.67,0.47,18.0,0.0,bending2
6750,31.25,0.83,3.0,0.0,18.25,0.43,bending2
7000,31.25,0.43,2.5,0.5,18.5,0.5,bending2
7250,31.5,0.5,4.0,0.0,18.5,0.5,bending2
7500,31.5,0.5,5.0,1.22,18.5,0.5,bending2
7750,31.5,0.5,5.0,0.0,18.0,0.0,bending2
8000,31.67,0.47,8.75,0.43,17.67,0.47,bending2
8250,31.25,0.83,8.5,0.5,18.25,0.43,bending2
8500,31.25,0.83,11.0,0.71,18.0,0.0,bending2
8750,31.33,0.47,4.5,2.29,18.0,0.0,bending2
9000,31.5,0.5,2.0,0.0,18.0,0.0,bending2
9250,31.5,0.5,5.33,1.7,17.5,0.5,bending2
9500,30.75,0.43,11.0,1.22,18.0,0.0,bending2
9750,30.75,0.43,11.0,1.22,18.25,0.43,bending2
10000,30.67,0.47,5.33,1.25,18.5,0.5,bending2
10250,31.5,0.5,6.0,0.0,18.67,0.47,bending2
10500,30.75,0.43,5.67,0.47,18.5,0.5,bending2
10750,30.5,0.5,3.0,0.0,19.0,0.82,bending2
11000,30.67,0.47,6.5,1.5,18.0,0.0,bending2
11250,30.75,0.83,9.25,1.09,18.0,0.0,bending2
11500,30.67,0.47,11.0,0.82,18.0,0.0,bending2
11750,30.75,0.43,11.0,0.0,18.5,0.5,bending2
12000,30.5,0.5,11.25,0.43,18.5,0.5,bending2
12250,30.67,0.47,11.25,0.43,19.0,0.82,bending2
12500,30.5,0.5,11.0,0.71,19.75,0.83,bending2
12750,30.5,0.5,11.33,0.47,19.67,0.94,bending2
13000,31.5,0.5,9.0,1.0,19.25,1.3,bending2
13250,33.0,0.0,3.67,1.7,17.0,3.74,bending2
13500,32.67,0.47,7.33,3.09,11.0,2.92,bending2
13750,32.25,0.43,6.25,3.34,14.0,6.4,bending2
14000,33.0,0.0,8.0,3.16,23.0,0.71,bending2
14250,32.5,0.87,9.25,2.68,23.0,1.22,bending2
14500,31.5,0.5,10.75,0.83,23.25,0.83,bending2
14750,32.5,0.5,10.0,0.71,22.0,0.71,bending2
15000,32.25,0.83,11.5,0.5,21.5,0.5,bending2
15250,31.75,0.43,11.5,0.87,22.0,1.0,bending2
15500,32.25,0.43,9.75,0.43,22.25,0.83,bending2
15750,32.5,0.5,11.67,0.47,22.33,0.47,bending2
16000,32.25,0.83,11.75,0.43,22.25,0.83,bending2
16250,32.5,0.5,11.0,0.82,22.33,0.94,bending2
16500,32.25,0.83,11.75,0.43,22.0,0.71,bending2
16750,31.75,0.43,10.25,0.43,22.5,0.5,bending2
17000,31.33,0.47,10.0,0.0,22.0,0.82,bending2
17250,31.5,0.5,10.25,0.83,22.0,0.71,bending2
17500,31.33,0.47,11.33,0.94,21.75,0.83,bending2
17750,31.33,0.47,12.33,0.47,21.0,0.0,bending2
18000,31.5,0.5,13.5,0.5,19.0,0.71,bending2
18250,31.5,0.5,13.5,0.5,19.0,1.22,bending2
18500,31.33,0.47,12.33,0.47,21.75,0.83,bending2
18750,31.67,0.47,14.33,0.47,22.5,0.5,bending2
19000,31.2,0.75,13.4,0.49,22.0,0.82,bending2
19250,31.25,0.83,14.33,0.47,21.67,0.94,bending2
19500,31.67,0.47,14.5,0.5,23.0,0.82,bending2
19750,30.67,0.94,13.67,0.47,22.0,0.71,bending2
20000,31.0,0.71,13.75,0.43,21.5,0.5,bending2
20250,31.25,0.43,13.75,0.43,21.75,0.83,bending2
20500,31.5,0.5,13.5,0.5,22.0,0.71,bending2
20750,31.25,0.83,12.75,0.83,22.5,1.12,bending2
21000,31.0,0.71,13.5,0.5,21.5,2.18,bending2
21250,31.0,0.71,12.25,0.43,15.0,0.0,bending2
21500,31.75,0.43,9.0,1.63,16.33,0.94,bending2
21750,32.33,0.47,8.25,4.44,20.33,1.7,bending2
22000,31.67,0.47,12.67,0.94,16.0,1.22,bending2
22250,32.67,0.47,12.5,0.87,17.0,0.82,bending2
22500,31.25,0.83,13.75,1.09,17.0,2.0,bending2
22750,31.0,0.82,10.0,1.0,20.0,1.41,bending2
23000,30.5,0.5,9.0,0.0,20.0,0.82,bending2
23250,31.0,1.0,9.67,0.47,20.67,0.47,bending2
23500,32.0,0.0,11.67,0.47,19.5,0.5,bending2
23750,31.25,0.83,9.75,0.43,18.75,0.83,bending2
24000,31.0,1.0,10.0,0.0,17.67,0.47,bending2
24250,31.25,0.83,11.25,0.43,17.75,0.43,bending2
24500,30.0,0.0,10.5,0.5,17.67,0.47,bending2
24750,31.33,0.94,10.5,0.5,17.67,0.47,bending2
25000,31.5,0.5,10.5,0.5,18.0,0.0,bending2
25250,31.5,0.5,10.0,0.71,18.0,0.0,bending2
25500,30.5,0.5,8.5,1.12,17.5,0.5,bending2
25750,30.5,0.5,5.75,0.43,18.25,1.48,bending2
26000,31.0,0.0,8.0,0.71,17.33,0.94,bending2
26250,31.0,0.71,7.0,0.82,17.67,0.47,bending2
26500,31.5,0.5,6.33,0.47,18.33,0.47,bending2
26750,32.0,0.0,7.0,0.82,18.0,0.0,bending2
27000,31.5,0.5,8.67,0.47,18.0,0.0,bending2
27250,31.0,1.0,6.5,0.5,19.33,1.25,bending2
27500,31.0,0.82,6.0,1.41,18.75,0.83,bending2
27750,30.75,0.43,4.33,2.36,18.5,0.87,bending2
28000,30.67,0.47,2.5,0.5,17.75,0.83,bending2
28250,31.0,0.0,5.33,2.05,17.25,0.83,bending2
28500,30.67,0.94,7.0,0.82,17.75,1.79,bending2
28750,30.33,0.47,11.33,0.94,19.5,1.12,bending2
29000,30.33,0.47,12.75,0.83,18.33,1.7,bending2
29250,30.0,0.0,14.0,0.82,18.25,0.43,bending2
29500,30.0,0.0,12.0,0.0,17.33,0.47,bending2
29750,30.0,0.0,12.0,0.0,15.0,0.82,bending2
30000,30.0,0.0,11.5,0.5,15.67,0.94,bending2
30250,30.0,0.0,12.0,0.0,17.25,0.83,bending2
30500,30.0,0.0,10.75,0.83,18.75,0.83,bending2
30750,30.0,0.0,11.33,0.47,20.0,1.0,bending2
31000,30.0,0.0,9.25,1.48,19.75,0.83,bending2
31250,30.0,0.0,6.0,0.71,19.0,0.71,bending2
31500,30.0,0.0,5.5,0.5,19.75,1.3,bending2
31750,30.0,0.0,5.5,0.5,19.75,1.3,bending2
32000,30.0,0.0,10.82,1.11,19.64,0.98,bending2
32250,30.0,0.0,10.82,1.11,19.64,0.98,bending2
32500,30.0,0.0,9.67,0.47,19.33,0.94,bending2
32750,30.0,0.0,9.33,0.47,19.25,0.83,bending2
33000,30.0,0.0,9.33,0.47,18.67,0.94,bending2
33250,30.0,0.0,9.75,0.83,18.75,0.83,bending2
33500,30.0,0.0,11.75,0.43,18.5,0.5,bending2
33750,30.0,0.0,10.25,0.83,19.0,0.0,bending2
34000,30.0,0.0,10.0,0.82,19.0,0.82,bending2
34250,30.0,0.0,10.67,0.47,18.75,0.83,bending2
34500,30.0,0.0,9.0,0.0,19.5,1.12,bending2
34750,30.25,0.43,9.0,0.0,20.5,0.5,bending2
35000,30.0,0.0,9.25,3.27,18.0,1.63,bending2
35250,30.67,0.47,5.0,2.74,17.33,0.94,bending2
35500,30.0,0.0,4.75,1.3,17.33,0.47,bending2
35750,30.0,0.0,7.67,0.47,16.67,0.94,bending2
36000,30.0,0.0,8.75,0.43,17.0,0.0,bending2
36250,30.67,0.47,6.75,3.56,15.67,0.94,bending2
36500,30.33,0.47,4.0,2.83,14.5,1.5,bending2
36750,30.0,0.0,11.0,1.22,12.5,0.5,bending2
37000,30.0,0.0,12.0,0.0,13.25,1.3,bending2
37250,30.0,0.0,7.67,3.3,16.0,1.87,bending2
37500,30.25,0.43,2.0,1.22,18.25,0.43,bending2
37750,30.0,0.0,3.75,0.43,18.0,0.0,bending2
38000,30.0,0.0,2.5,0.5,18.0,0.0,bending2
38250,30.0,0.0,2.25,1.09,17.67,0.47,bending2
38500,30.0,0.0,1.25,0.43,17.67,0.47,bending2
38750,30.0,0.0,2.33,0.47,17.33,0.47,bending2
39000,30.0,0.0,4.0,0.0,17.67,0.47,bending2
39250,30.0,0.0,3.0,0.0,18.0,0.0,bending2
39500,30.0,0.0,1.8,0.98,18.0,0.0,bending2
39750,30.0,0.0,1.0,0.0,17.5,0.5,bending2
40000,30.0,0.0,2.33,0.47,17.67,0.47,bending2
40250,30.0,0.0,2.5,0.5,17.5,0.5,bending2
40500,30.0,0.0,2.0,0.71,17.5,0.5,bending2
40750,30.0,0.0,2.0,0.82,17.25,0.43,bending2
41000,30.0,0.0,4.0,0.0,16.75,1.3,bending2
41250,30.0,0.0,4.0,0.0,16.75,0.83,bending2
41500,30.0,0.0,3.0,0.0,17.33,0.47,bending2
41750,30.0,0.0,4.5,0.5,16.8,0.75,bending2
42000,30.0,0.0,2.75,0.43,17.25,0.83,bending2
42250,30.0,0.0,1.25,0.43,17.0,1.0,bending2
42500,30.0,0.0,2.0,0.0,16.5,0.5,bending2
42750,30.0,0.0,2.5,0.5,16.0,1.0,bending2
43000,30.0,0.0,2.0,0.0,16.33,0.47,bending2
43250,30.0,0.0,2.67,0.47,16.67,0.94,bending2
43500,30.0,0.0,2.5,0.5,16.0,0.82,bending2
43750,30.0,0.0,3.0,1.22,16.0,0.71,bending2
44000,30.0,0.0,2.0,0.0,16.75,0.83,bending2
44250,30.0,0.0,3.0,1.58,16.75,1.09,bending2
44500,30.0,0.0,4.5,0.87,16.25,0.83,bending2
44750,30.0,0.0,6.0,0.0,16.0,0.82,bending2
45000,30.0,0.0,6.5,0.5,15.67,0.94,bending2
45250,30.0,0.0,7.0,0.0,16.0,1.0,bending2
45500,30.0,0.0,7.33,0.47,15.5,0.5,bending2
45750,30.0,0.0,7.0,0.0,16.0,0.82,bending2
46000,30.0,0.0,7.0,0.0,15.5,0.5,bending2
46250,30.0,0.0,7.6,0.49,14.75,0.43,bending2
46500,30.0,0.0,7.33,0.47,15.67,0.47,bending2
46750,30.0,0.0,7.33,0.47,15.0,0.71,bending2
47000,30.0,0.0,7.33,0.47,15.5,0.5,bending2
47250,30.0,0.0,7.33,0.47,15.5,0.5,bending2
47500,30.0,0.0,6.5,0.5,15.67,0.47,bending2
47750,30.0,0.0,6.33,0.47,15.5,0.5,bending2
48000,30.0,0.0,6.5,0.5,15.5,0.5,bending2
48250,30.0,0.0,6.33,0.47,15.33,0.47,bending2
48500,30.0,0.0,5.5,0.5,16.0,1.0,bending2
48750,30.0,0.0,5.5,0.5,16.33,0.94,bending2
49000,30.0,0.0,6.0,0.0,15.67,0.47,bending2
49250,30.0,0.0,5.33,0.47,15.5,0.5,bending2
49500,30.0,0.0,5.33,0.47,15.5,0.5,bending2
49750,30.0,0.0,5.67,0.94,16.0,1.0,bending2
50000,30.0,0.0,5.5,0.87,16.0,1.0,bending2
50250,30.0,0.0,7.0,0.82,16.5,0.5,bending2
50500,30.0,0.0,7.0,0.0,15.67,0.47,bending2
50750,30.0,0.0,6.5,0.5,16.0,1.0,bending2
51000,30.0,0.0,6.25,0.43,15.75,0.83,bending2
51250,30.0,0.0,3.0,0.0,15.5,1.12,bending2
51500,30.0,0.0,5.67,0.47,16.33,1.25,bending2
51750,30.0,0.0,8.0,0.82,17.33,1.7,bending2
52000,30.0,0.0,6.5,2.06,17.75,0.83,bending2
52250,30.0,0.0,5.5,1.5,18.33,0.47,bending2
52500,30.0,0.0,4.33,1.89,18.25,0.43,bending2
52750,30.5,0.5,4.5,1.5,17.75,0.43,bending2
53000,30.0,0.0,3.5,1.12,19.0,0.82,bending2
53250,29.5,0.5,4.25,1.48,18.0,0.0,bending2
53500,30.0,0.0,5.0,0.0,18.0,0.0,bending2
53750,30.0,0.0,3.25,0.43,18.0,0.0,bending2
54000,30.0,0.0,3.67,0.47,17.5,0.5,bending2
54250,30.0,0.0,4.0,0.0,17.0,0.82,bending2
54500,30.0,0.0,4.5,0.5,17.67,0.47,bending2
54750,30.0,0.0,4.0,0.0,16.5,0.5,bending2
55000,30.0,0.0,6.0,0.0,16.25,0.83,bending2
55250,29.67,0.47,6.0,0.0,16.33,0.94,bending2
55500,29.75,0.43,4.5,1.12,16.75,0.83,bending2
55750,29.75,0.43,2.25,0.43,17.25,0.83,bending2
56000,30.0,0.0,5.0,1.22,16.67,0.47,bending2
56250,29.75,0.43,5.75,0.43,16.0,1.0,bending2
56500,29.75,0.43,5.75,0.43,15.75,0.83,bending2
56750,30.0,0.0,6.0,0.0,16.0,0.71,bending2
57000,29.75,0.43,5.5,0.5,16.0,1.0,bending2
57250,29.5,0.5,5.25,0.43,16.0,1.0,bending2
57500,29.25,0.43,4.25,0.43,16.0,1.0,bending2
57750,29.25,0.43,5.5,0.5,15.5,0.5,bending2
58000,29.5,0.5,6.0,0.71,15.5,0.5,bending2
58250,29.5,0.5,6.33,0.47,15.33,0.47,bending2
58500,29.5,0.5,6.0,0.0,15.5,0.5,bending2
58750,29.67,0.47,6.75,0.43,16.0,0.82,bending2
59000,29.25,0.43,6.5,0.5,16.5,1.12,bending2
59250,29.0,0.0,6.25,0.83,16.5,0.5,bending2
59500,29.0,0.0,6.0,0.0,16.25,0.83,bending2
59750,29.25,0.43,5.5,0.5,16.5,0.5,bending2
60000,29.25,0.43,5.0,0.0,17.0,1.0,bending2
60250,29.5,0.5,5.0,0.71,16.5,0.5,bending2
60500,29.5,0.5,6.0,0.0,16.5,0.5,bending2
60750,29.0,0.0,6.25,0.43,16.0,1.0,bending2
61000,29.25,0.43,6.25,0.43,15.75,0.83,bending2
61250,29.0,0.0,6.0,0.0,15.5,0.5,bending2
61500,29.0,0.0,6.0,0.0,15.75,0.83,bending2
61750,29.0,0.0,6.0,0.0,16.33,1.25,bending2
62000,29.25,0.43,6.0,0.0,16.33,0.47,bending2
62250,29.0,0.0,5.5,0.5,16.5,0.5,bending2
62500,29.0,0.0,5.75,0.43,16.75,0.83,bending2
62750,29.0,0.0,5.25,0.43,17.33,0.94,bending2
63000,29.0,0.0,5.5,0.5,17.33,0.94,bending2
63250,29.0,0.0,6.0,0.0,16.5,1.12,bending2
63500,29.0,0.0,5.0,0.0,16.25,0.83,bending2
63750,29.25,0.43,5.0,0.71,16.5,0.5,bending2
64000,29.0,0.0,5.0,0.71,17.0,0.71,bending2
64250,29.25,0.43,6.0,0.0,16.5,0.5,bending2
64500,29.0,0.0,6.25,0.43,16.25,0.83,bending2
64750,29.0,0.0,6.25,0.43,16.25,0.83,bending2
65000,29.0,0.0,4.75,0.43,16.5,1.12,bending2
65250,28.75,0.43,5.25,0.43,17.0,1.0,bending2
65500,28.67,0.47,4.67,0.47,16.5,0.5,bending2
65750,29.0,0.0,4.75,0.43,17.33,0.94,bending2
66000,29.0,0.0,5.0,0.0,17.5,0.5,bending2
66250,29.0,0.0,5.5,0.5,16.5,0.5,bending2
66500,29.0,0.0,5.0,0.0,16.0,1.0,bending2
66750,29.0,0.0,5.75,0.43,15.67,0.47,bending2
67000,29.0,0.0,6.75,0.43,15.5,0.5,bending2
67250,29.0,0.0,7.0,0.0,15.67,0.94,bending2
67500,28.75,0.43,6.0,0.0,16.5,1.12,bending2
67750,28.75,0.43,4.75,0.43,17.0,1.0,bending2
68000,28.75,0.43,4.25,0.43,17.0,1.0,bending2
68250,29.0,0.0,4.5,0.5,17.0,1.0,bending2
68500,29.0,0.0,5.0,0.0,18.0,0.0,bending2
68750,28.67,0.47,4.0,0.0,16.67,0.94,bending2
69000,28.5,0.5,4.75,0.43,16.25,0.83,bending2
69250,28.75,0.43,5.0,0.0,16.5,0.5,bending2
69500,28.67,0.47,5.0,0.0,17.33,0.94,bending2
69750,28.67,0.47,5.0,0.0,17.0,0.71,bending2
70000,29.0,0.0,5.0,0.0,17.0,1.0,bending2
70250,29.0,0.0,4.25,0.43,17.0,1.0,bending2
70500,29.0,0.0,4.0,0.0,17.0,1.0,bending2
70750,29.0,0.0,5.0,0.0,17.33,0.94,bending2
71000,28.5,0.5,4.75,0.43,17.5,0.5,bending2
71250,29.0,0.0,4.67,0.47,17.5,0.5,bending2
71500,28.6,0.49,4.8,0.75,17.5,0.5,bending2
71750,28.5,0.5,5.0,0.0,17.5,0.5,bending2
72000,28.5,0.5,5.0,0.0,16.75,0.83,bending2
72250,28.75,0.43,8.67,0.47,15.67,1.25,bending2
72500,29.0,0.0,7.0,0.82,18.5,1.12,bending2
72750,30.0,0.0,11.5,1.5,17.5,1.5,bending2
73000,30.0,0.0,12.75,0.43,16.67,0.47,bending2
73250,30.0,0.0,12.0,0.0,17.75,1.09,bending2
73500,30.0,0.0,11.5,0.5,18.75,0.83,bending2
73750,30.0,0.0,11.0,0.0,19.5,1.12,bending2
74000,30.0,0.0,9.75,0.83,19.5,0.5,bending2
74250,30.0,0.0,9.0,0.0,18.33,0.47,bending2
74500,30.0,0.0,9.0,0.0,18.0,0.0,bending2
74750,30.0,0.0,8.5,0.5,18.0,0.0,bending2
75000,30.0,0.0,7.25,0.43,18.0,0.0,bending2
75250,30.0,0.0,7.25,0.43,18.5,0.5,bending2
75500,30.0,0.0,9.5,0.5,18.67,0.47,bending2
75750,30.0,0.0,11.0,0.0,18.5,0.5,bending2
76000,30.0,0.0,11.0,0.0,18.5,0.5,bending2
76250,30.0,0.0,10.75,0.43,18.5,0.5,bending2
76500,30.0,0.0,10.75,0.43,18.5,0.5,bending2
76750,30.0,0.0,10.75,0.43,18.75,0.83,bending2
77000,30.0,0.0,10.75,0.43,18.67,0.47,bending2
77250,30.0,0.0,10.5,0.5,18.67,0.47,bending2
77500,30.0,0.0,10.33,0.47,18.33,0.47,bending2
77750,30.0,0.0,10.0,0.0,18.67,0.47,bending2
78000,30.0,0.0,10.0,0.0,18.33,0.47,bending2
78250,30.0,0.0,9.5,0.5,18.0,0.0,bending2
78500,30.0,0.0,9.0,0.0,18.5,0.5,bending2
78750,30.0,0.0,8.0,0.0,18.5,0.5,bending2
79000,30.0,0.0,8.25,0.43,18.5,0.5,bending2
79250,30.0,0.0,8.0,0.0,18.67,0.47,bending2
79500,30.0,0.0,8.0,0.0,19.0,1.0,bending2
79750,30.0,0.0,8.0,0.0,19.0,1.0,bending2
80000,30.0,0.0,6.5,0.5,19.0,1.0,bending2
80250,30.0,0.0,7.25,0.43,19.67,0.47,bending2
80500,30.0,0.0,7.5,0.5,19.25,1.3,bending2
80750,30.0,0.0,7.33,0.47,20.0,0.82,bending2
81000,30.0,0.0,9.0,0.0,20.33,1.3,bending2
81250,30.0,0.0,7.5,1.66,19.25,0.83,bending2
81500,30.0,0.0,4.75,0.43,19.67,0.47,bending2
81750,29.75,0.43,7.75,1.3,19.0,1.0,bending2
82000,30.0,0.0,9.5,0.5,18.67,0.47,bending2
82250,30.0,0.0,11.6,0.49,18.75,0.83,bending2
82500,30.0,0.0,12.0,0.0,18.67,0.47,bending2
82750,29.75,0.43,12.0,0.0,18.25,0.43,bending2
83000,29.5,0.5,12.0,0.0,18.25,0.43,bending2
83250,29.5,0.5,12.0,0.0,18.25,0.43,bending2
83500,29.75,0.43,12.0,0.0,18.5,0.5,bending2
83750,29.75,0.43,12.0,0.0,18.25,0.43,bending2
84000,29.75,0.43,12.0,0.0,18.0,0.0,bending2
84250,29.5,0.5,12.0,0.0,18.0,0.0,bending2
84500,29.5,0.5,12.0,0.0,18.0,0.0,bending2
84750,29.0,0.0,12.0,0.0,18.0,0.0,bending2
85000,29.33,0.47,12.0,0.0,18.33,0.47,bending2
85250,29.0,0.0,12.0,0.0,18.33,0.47,bending2
85500,29.33,0.47,12.0,0.0,18.67,0.47,bending2
85750,29.33,0.47,12.0,0.0,18.5,0.5,bending2
86000,29.0,0.0,12.0,0.0,18.5,0.5,bending2
86250,29.25,0.43,12.0,0.0,18.5,0.5,bending2
86500,29.33,0.47,12.0,0.0,19.0,0.82,bending2
86750,29.25,0.43,12.0,0.0,18.33,0.47,bending2
87000,29.5,0.5,12.0,0.0,18.0,0.0,bending2
87250,29.0,0.0,12.0,0.0,18.33,0.47,bending2
87500,29.0,0.0,12.0,0.0,18.0,0.0,bending2
87750,30.0,0.0,12.0,0.0,19.0,0.0,bending2
88000,29.0,0.0,12.0,0.0,18.5,0.5,bending2
88250,29.33,0.47,12.0,0.0,18.67,0.47,bending2
88500,29.0,0.0,12.0,0.0,18.5,0.5,bending2
88750,28.33,0.47,12.0,0.0,19.0,0.82,bending2
89000,28.33,0.47,11.0,1.0,18.5,0.5,bending2
89250,28.25,0.43,7.5,0.5,18.25,0.43,bending2
89500,28.25,0.43,4.25,2.28,18.25,0.43,bending2
89750,29.0,0.0,11.0,1.22,17.5,0.5,bending2
90000,29.0,0.0,12.0,0.0,15.75,0.43,bending2
90250,29.67,0.47,12.0,0.0,16.67,1.25,bending2
90500,29.5,0.5,12.0,0.0,16.67,0.94,bending2
90750,29.0,0.0,12.33,0.47,17.5,0.5,bending2
91000,29.0,0.0,12.75,0.43,17.75,0.43,bending2
91250,29.5,0.5,12.75,0.43,18.0,0.0,bending2
91500,29.5,0.5,12.75,0.43,17.0,1.0,bending2
91750,29.0,0.0,12.25,0.43,17.33,0.94,bending2
92000,29.25,0.43,12.0,0.0,17.0,0.71,bending2
92250,29.0,0.0,12.0,0.0,17.0,0.82,bending2
92500,29.25,0.43,12.0,0.0,16.25,0.43,bending2
92750,29.0,0.0,11.67,0.47,16.67,1.25,bending2
93000,28.5,0.5,12.0,0.0,17.67,0.47,bending2
93250,29.0,0.0,12.5,0.5,18.33,0.47,bending2
93500,29.0,0.0,11.33,0.47,18.75,0.83,bending2
93750,29.0,0.0,12.0,0.0,19.33,0.94,bending2
94000,29.33,0.47,12.0,0.0,18.75,0.83,bending2
94250,29.33,0.47,12.0,0.0,19.0,0.82,bending2
94500,29.0,0.0,12.33,0.47,18.67,0.94,bending2
94750,29.0,0.0,12.75,0.43,19.33,0.94,bending2
95000,29.0,0.0,13.5,0.5,19.25,0.83,bending2
95250,29.0,0.0,13.0,0.0,19.25,0.83,bending2
95500,29.0,0.0,13.0,0.0,19.25,0.83,bending2
95750,28.5,0.5,13.5,0.5,19.0,1.0,bending2
96000,29.0,0.0,13.67,0.47,19.33,0.94,bending2
96250,28.67,0.47,12.0,0.71,18.33,0.47,bending2
96500,28.0,0.71,8.75,0.43,18.75,1.48,bending2
96750,28.5,0.5,9.0,0.0,19.25,0.83,bending2
97000,29.0,0.0,9.5,0.5,18.0,0.0,bending2
97250,28.5,0.5,8.5,0.5,18.25,0.43,bending2
97500,29.0,0.0,9.0,0.0,18.33,0.47,bending2
97750,29.0,0.0,9.5,0.5,19.0,0.71,bending2
98000,29.0,0.0,9.75,0.43,19.25,0.83,bending2
98250,28.67,0.47,10.0,0.0,19.67,0.47,bending2
98500,28.5,0.5,10.0,0.0,19.75,0.83,bending2
98750,29.0,0.0,10.0,0.0,20.33,0.94,bending2
99000,28.67,0.47,10.0,0.71,19.67,0.47,bending2
99250,29.0,0.0,10.33,0.47,19.0,1.0,bending2
99500,29.0,0.0,9.67,0.47,19.5,0.5,bending2
99750,29.0,0.0,10.25,0.43,19.0,0.82,bending2
100000,28.75,0.43,9.75,0.43,18.75,0.83,bending2
100250,28.5,0.5,9.75,0.43,19.25,0.83,bending2
100500,27.75,0.43,9.75,0.43,19.25,0.83,bending2
100750,28.0,0.0,10.0,0.0,19.33,0.94,bending2
101000,28.0,0.71,10.25,0.43,19.0,1.0,bending2
101250,28.0,0.0,11.0,0.0,19.25,0.83,bending2
101500,28.0,0.0,11.0,0.0,18.67,0.94,bending2
101750,28.0,0.0,11.0,0.0,19.25,0.83,bending2
102000,28.33,0.47,11.25,0.43,20.33,0.94,bending2
102250,28.0,0.0,12.0,0.0,19.0,0.71,bending2
102500,28.0,0.0,10.0,1.63,18.0,0.71,bending2
102750,28.0,0.0,7.25,1.09,19.5,1.12,bending2
103000,28.0,0.0,8.75,0.43,21.0,0.0,bending2
103250,28.25,0.43,9.25,0.43,20.25,0.83,bending2
103500,28.67,0.47,10.67,0.47,20.25,0.83,bending2
103750,29.0,0.0,12.0,0.0,20.67,0.47,bending2
104000,29.0,0.0,12.0,0.0,20.67,0.47,bending2
104250,28.75,0.43,11.5,0.5,19.75,0.83,bending2
104500,28.5,0.5,11.0,0.0,18.75,0.83,bending2
104750,28.75,0.43,11.25,0.43,18.5,0.5,bending2
105000,28.25,0.43,11.67,0.47,18.67,0.94,bending2
105250,28.5,0.5,12.0,0.0,19.25,0.83,bending2
105500,28.33,0.47,12.0,0.0,20.67,0.47,bending2
105750,28.0,0.0,12.0,0.0,20.25,0.83,bending2
106000,27.5,0.5,12.0,0.0,20.0,0.82,bending2
106250,28.0,0.0,12.0,0.0,21.0,0.0,bending2
106500,28.5,0.5,12.0,0.0,20.0,1.0,bending2
106750,28.0,0.0,12.0,0.0,19.33,0.94,bending2
107000,27.5,0.5,11.75,0.43,19.0,0.71,bending2
107250,28.0,0.0,11.33,0.47,18.75,0.83,bending2
107500,28.0,0.71,10.75,0.43,19.0,1.22,bending2
107750,27.5,0.87,11.25,0.83,20.5,0.87,bending2
108000,29.0,0.71,12.0,0.0,18.25,0.43,bending2
108250,30.0,0.0,12.0,0.0,18.0,0.0,bending2
108500,29.67,0.47,10.0,1.22,17.67,0.47,bending2
108750,29.0,0.0,10.0,0.0,18.33,1.25,bending2
109000,29.0,0.0,9.75,0.83,19.25,0.83,bending2
109250,28.75,0.43,11.0,1.22,20.0,1.0,bending2
109500,28.25,0.43,10.25,1.3,18.25,1.09,bending2
109750,29.0,0.0,12.0,0.0,17.33,0.94,bending2
110000,29.75,0.43,11.0,1.22,17.75,1.09,bending2
110250,30.0,0.0,9.33,0.47,18.75,0.83,bending2
110500,30.0,0.0,6.25,0.43,20.5,0.5,bending2
110750,30.0,0.0,8.25,0.83,19.0,1.0,bending2
111000,30.0,0.0,9.75,1.3,20.25,0.83,bending2
111250,29.75,0.43,9.0,0.0,19.67,0.94,bending2
111500,30.0,0.0,8.75,0.43,20.0,0.71,bending2
111750,29.33,0.47,9.0,1.58,20.0,0.82,bending2
112000,29.25,0.43,10.75,0.43,18.75,0.83,bending2
112250,29.25,0.43,11.5,0.5,18.5,0.5,bending2
112500,29.33,0.47,9.0,0.0,18.5,0.5,bending2
112750,29.0,0.0,10.25,0.43,18.25,0.43,bending2
113000,28.5,0.5,10.0,0.71,18.5,0.5,bending2
113250,28.5,0.5,9.0,0.0,18.5,0.5,bending2
113500,28.75,0.43,9.25,0.43,18.5,0.5,bending2
113750,28.75,0.43,8.25,0.83,17.75,0.43,bending2
114000,29.0,0.0,9.5,0.87,17.5,0.87,bending2
114250,28.5,0.5,9.33,0.94,16.33,0.47,bending2
114500,28.5,0.5,11.75,0.43,20.0,0.71,bending2
114750,28.25,0.43,10.5,0.5,20.5,0.5,bending2
115000,28.5,0.5,9.25,0.43,20.25,0.83,bending2
115250,28.33,0.47,11.75,0.43,20.33,0.94,bending2
115500,28.67,0.47,10.0,0.82,20.25,0.83,bending2
115750,28.67,0.47,9.0,0.0,21.0,0.0,bending2
116000,28.5,0.5,8.75,0.83,21.0,0.0,bending2
116250,29.0,0.0,7.5,0.5,20.5,0.5,bending2
116500,29.25,0.43,6.75,0.43,20.5,0.5,bending2
116750,29.0,0.0,7.67,0.47,20.75,0.43,bending2
117000,28.25,0.43,9.0,0.71,20.75,0.43,bending2
117250,29.0,0.0,11.25,0.43,21.0,0.0,bending2
117500,29.0,0.0,12.0,0.0,20.75,0.43,bending2
117750,29.0,0.71,11.25,0.43,21.25,0.43,bending2
118000,29.0,0.0,10.0,0.82,21.33,0.47,bending2
118250,28.67,0.47,11.0,1.0,19.33,1.25,bending2
118500,28.5,0.5,2.33,1.25,16.6,1.2,bending2
118750,28.67,0.47,4.67,1.25,17.33,0.47,bending2
119000,27.5,0.5,5.5,2.5,17.25,1.3,bending2
119250,28.0,0.0,6.67,0.94,17.0,1.0,bending2
119500,28.0,0.0,5.0,0.82,17.0,0.71,bending2
119750,28.0,0.0,0.0,0.0,17.0,1.0,bending2
